sftn, sdawj, djwji
ft
nf
n
fxndb[z,zpirbrl[
zd/r'gb/
er;d
bg[z;dgr
;b
dzr;g
zb;r
d;g
b;zdr
[g;lz
\[ ndlr
[glz;n
rlg\
[ zldr\g
l;]awelrg,]hp ntlrae;'\t4;.y5,hp6r]jh.t
e/gF#@\[
3;r'yndty
trt g\ ;.'ntt
h t 'jty.rh tvy r/jyr
htvt 4h/'ytn t
4hwjy'
h t3454hr
thrj
r t3hr h
 th
 hj
  q
  trh
  whq5t35 ehtr
  begr 4f   r2
  'hrn
  3t
  e
   4r2
   eh
   34t
   24rt'3t
   4

        2rt 2
        34t
         2


            23
            rt   2r


                r
                    2




                    2
                    r
                     23

                        23

                            2r

                           r 23  23
